y_true,y_pred,difference,abs_difference
-0.00499371539219351,-0.0002815092666743202,-0.00471220612551919,0.00471220612551919
0.015192898600204785,-0.0009105440624867289,0.016103442662691515,0.016103442662691515
-0.007129645199260182,-0.0025120927660647286,-0.004617552433195453,0.004617552433195453
-0.009788978084882993,0.0007455616403358412,-0.010534539725218834,0.010534539725218834
-0.010877745091331992,-0.0020755753920888597,-0.008802169699243132,0.008802169699243132
0.01784479181076226,-0.0006256398082377457,0.018470431619000006,0.018470431619000006
-0.007542810546344092,-0.0012777303102723381,-0.006265080236071753,0.006265080236071753
-0.014686751112632623,-0.0019508317083623127,-0.01273591940427031,0.01273591940427031
0.0006601577429554695,-0.0020164740517178504,0.00267663179467332,0.00267663179467332
-0.007118055555555558,-0.00031149927390785817,-0.0068065562816477,0.0068065562816477
0.024200034971148865,0.0008120023703018697,0.023388032600846997,0.023388032600846997
0.014306688974630388,-0.0015211190529386986,0.015827808027569088,0.015827808027569088
-0.050326533360263936,-0.004526058458741712,-0.045800474901522226,0.045800474901522226
0.0040409769238949345,0.002362276194744095,0.0016787007291508395,0.0016787007291508395
0.0014827890556046164,-7.081054917563722e-05,0.0015535996047802536,0.0015535996047802536
-0.028166531533119432,0.0019062946793883461,-0.03007282621250778,0.03007282621250778
0.0031921067904816525,-0.005591629793166662,0.008783736583648314,0.008783736583648314
-0.013414810529360666,-0.003296139339144634,-0.010118671190216031,0.010118671190216031
-0.010152098222466543,-0.0025025747164879155,-0.007649523505978628,0.007649523505978628
-0.0012959123222748836,-0.0011532769788033682,-0.00014263534347151545,0.00014263534347151545
-0.009787565343120863,0.0018047046618596464,-0.011592270004980509,0.011592270004980509
-0.0002995245048486028,0.003372569156513282,-0.003672093661361885,0.003672093661361885
0.0013108123291263318,0.0024928755597202856,-0.0011820632305939538,0.0011820632305939538
-0.012903949730700193,0.0016634087092291883,-0.01456735843992938,0.01456735843992938
-0.008449850327763242,0.0030633527388577142,-0.011513203066620957,0.011513203066620957
0.0008407214918983996,0.003993710610782596,-0.003152989118884196,0.003152989118884196
0.01424207712867509,0.0050411088030298265,0.009200968325645265,0.009200968325645265
-0.018785528742988333,0.005788643864686245,-0.02457417260767458,0.02457417260767458
0.00023020257826877888,0.003633494791570292,-0.003403292213301513,0.003403292213301513
0.002148062907556536,0.002714682003843315,-0.0005666190962867789,0.0005666190962867789
-0.01814284620684381,0.004099045997025855,-0.022241892203869663,0.022241892203869663
0.003820364883829752,0.0056159802194292495,-0.0017956153355994974,0.0017956153355994974
-0.0023689320388349255,0.004892659280786492,-0.007261591319621417,0.007261591319621417
0.007318307446767092,0.005471340208640635,0.0018469672381264566,0.0018469672381264566
0.004328167871082478,0.005998550532830574,-0.0016703826617480962,0.0016703826617480962
0.004501904651968092,0.006914585779818514,-0.002412681127850422,0.002412681127850422
-0.013406879644526137,0.005628009847827936,-0.019034889492354073,0.019034889492354073
-0.012657244913806487,0.006872487964350312,-0.0195297328781568,0.0195297328781568
-0.0002752654345261618,0.0031334133081131,-0.0034086787426392618,0.0034086787426392618
-0.018880541242182303,0.0034405620732440544,-0.022321103315426357,0.022321103315426357
0.00036082267570058946,0.003728611941872829,-0.0033677892661722396,0.0033677892661722396
0.002605001603077861,0.004992688454600248,-0.0023876868515223873,0.0023876868515223873
0.003557580845025443,0.004904411284596041,-0.001346830439570598,0.001346830439570598
-0.0011551023659682746,0.004624699914429142,-0.005779802280397417,0.005779802280397417
0.002791402480360583,0.005126976556470279,-0.002335574076109696,0.002335574076109696
-0.0056865630095040975,0.004675730902700008,-0.010362293912204106,0.010362293912204106
0.006878899376099756,0.007214004222774919,-0.0003351048466751624,0.0003351048466751624
0.0050047664442325335,0.006387660906099319,-0.0013828944618667852,0.0013828944618667852
-0.011501067109319418,0.005356217398799319,-0.016857284508118738,0.016857284508118738
-0.009795689896445525,0.007650526749200317,-0.017446216645645843,0.017446216645645843
0.02446903012194146,0.010311120778554544,0.014157909343386916,0.014157909343386916
-0.007843291817751896,0.005032645721626875,-0.012875937539378771,0.012875937539378771
0.003297183490247546,0.007028407303357658,-0.003731223813110112,0.003731223813110112
0.012868229331643999,0.005655527603154563,0.007212701728489436,0.007212701728489436
-0.009890152847816691,0.007920515026668722,-0.017810667874485413,0.017810667874485413
0.0067514213518635735,0.010542596226482412,-0.0037911748746188387,0.0037911748746188387
-0.002941291815365288,0.009563081260630383,-0.01250437307599567,0.01250437307599567
0.0007473253618628384,0.01027661979962345,-0.009529294437760611,0.009529294437760611
0.007389065754824564,0.010717335275096567,-0.0033282695202720026,0.0033282695202720026
-0.02294096991923844,0.005900018340731593,-0.028840988259970033,0.028840988259970033
-0.0059098350836560565,0.007254222364651378,-0.013164057448307434,0.013164057448307434
0.004940751154850265,0.007764276340865212,-0.002823525186014947,0.002823525186014947
0.0038372371892236856,0.007380404873471954,-0.003543167684248268,0.003543167684248268
-0.001712192402643975,0.006991949089172686,-0.00870414149181666,0.00870414149181666
0.008655418611144272,0.007730592270783821,0.0009248263403604509,0.0009248263403604509
-0.002293577981651418,0.00653103045172272,-0.008824608433374138,0.008824608433374138
0.0029726516052319685,0.0077149922258542645,-0.004742340620622296,0.004742340620622296
-0.004939735230191644,0.006647003215836386,-0.01158673844602803,0.01158673844602803
0.002859412231930092,0.008068063256227017,-0.0052086510242969255,0.0052086510242969255
0.002217646127039341,0.007702498132981599,-0.005484852005942258,0.005484852005942258
-0.00790263948158687,0.005629157588157869,-0.01353179706974474,0.01353179706974474
-0.0027879560299506334,0.008086429225037654,-0.010874385254988288,0.010874385254988288
0.012860452112788634,0.00833929899308319,0.0045211531197054435,0.0045211531197054435
0.001104100946372144,0.006733220295052938,-0.005629119348680794,0.005629119348680794
-0.0018512683157396737,0.00790396430454717,-0.009755232620286844,0.009755232620286844
0.00587979953435136,0.008214486043211497,-0.002334686508860137,0.002334686508860137
0.004472342094939297,0.0075242791909732945,-0.003051937096033998,0.003051937096033998
0.0037103577566004464,0.008065275744621117,-0.00435491798802067,0.00435491798802067
-0.006264835207595576,0.008072826247624476,-0.014337661455220052,0.014337661455220052
0.009906805544678488,0.00879494910964223,0.0011118564350362584,0.0011118564350362584
-0.0056221162420999615,0.006797667002203733,-0.012419783244303696,0.012419783244303696
0.008461358496451687,0.008648779225287662,-0.00018742072883597485,0.00018742072883597485
0.014112825271623608,0.0075060110122846455,0.0066068142593389625,0.0066068142593389625
0.004842153423821882,0.007932748867166547,-0.0030905954433446646,0.0030905954433446646
0.004363498387402798,0.007890282720174597,-0.0035267843327717995,0.0035267843327717995
0.017378163959199,0.0064898547831831795,0.01088830917601582,0.01088830917601582
-0.00519866320089124,0.0034584685601826383,-0.00865713176107388,0.00865713176107388
-0.0037700634565136504,0.00537636415156583,-0.009146427608079481,0.009146427608079481
-0.00048709206039943,0.00672524652837315,-0.00721233858877258,0.00721233858877258
0.0022866996551207386,0.005457272459820124,-0.0031705728046993852,0.0031705728046993852
0.0031417137300371323,0.004645880273037124,-0.0015041665429999917,0.0015041665429999917
0.006412885425599368,0.006390481489498712,2.2403936100656024e-05,2.2403936100656024e-05
-0.0041121772311339955,0.00477632210820882,-0.008888499339342815,0.008888499339342815
0.005468343129231501,0.005331566910565574,0.0001367762186659273,0.0001367762186659273
0.004180694809278851,0.004878687446336972,-0.0006979926370581212,0.0006979926370581212
-0.001989536511679324,0.006230707579511016,-0.00822024409119034,0.00822024409119034
-0.007974010632014195,0.004824901818423438,-0.012798912450437632,0.012798912450437632
-0.00721941053885089,0.008415540869464144,-0.015634951408315036,0.015634951408315036
-0.006109903291101282,0.008022177372226385,-0.014132080663327667,0.014132080663327667
-0.006185178201018271,0.007861109883886518,-0.014046288084904789,0.014046288084904789
0.0037190239459603536,0.009622032835750418,-0.005903008889790064,0.005903008889790064
0.002381942606525689,0.007868993718248453,-0.0054870511117227645,0.0054870511117227645
-0.015766445383222694,0.007943854971769155,-0.02371030035499185,0.02371030035499185
-0.011956771671648658,0.005318691941384371,-0.01727546361303303,0.01727546361303303
0.0008145217593669152,0.006137085328757225,-0.00532256356939031,0.00532256356939031
0.017439832577607284,0.004994363049979525,0.012445469527627758,0.012445469527627758
0.009713175637070082,0.005761872919914221,0.003951302717155861,0.003951302717155861
0.008902972687490518,0.007463936646812418,0.0014390360406781,0.0014390360406781
0.008263535746335648,0.007232538289701304,0.0010309974566343446,0.0010309974566343446
-0.0181346189504914,0.003791457719329342,-0.02192607666982074,0.02192607666982074
-0.008838193080525802,0.0055242710388439965,-0.014362464119369799,0.014362464119369799
0.0039250057160278295,0.00481105436029124,-0.0008860486442634104,0.0008860486442634104
0.004972480546593383,0.004891993487787695,8.048705880568836e-05,8.048705880568836e-05
-0.011331016769904778,0.005444623100641279,-0.016775639870546057,0.016775639870546057
0.004164119804400901,0.00623445394858481,-0.002070334144183909,0.002070334144183909
-0.011527487159977201,0.0060774599719782,-0.0176049471319554,0.0176049471319554
0.0036948656762374466,0.0060785765597205985,-0.002383710883483152,0.002383710883483152
-0.003719610399570472,0.006198847606367199,-0.009918458005937672,0.009918458005937672
0.007620953773911809,0.006267604868345236,0.001353348905566573,0.001353348905566573
-0.004201841170403786,0.006282774880001593,-0.01048461605040538,0.01048461605040538
0.014078023706317833,0.00644345841006044,0.007634565296257393,0.007634565296257393
0.0026479043728249163,0.005268707215504331,-0.0026208028426794143,0.0026208028426794143
-0.00943182675620613,0.00752883726263059,-0.01696066401883672,0.01696066401883672
-0.0022851919561243106,0.00757345979259563,-0.00985865174871994,0.00985865174871994
0.008436402504199192,0.006761433146547311,0.0016749693576518813,0.0016749693576518813
0.007798008857932359,0.007571580184679887,0.00022642867325247187,0.00022642867325247187
-0.0031176050783157105,0.007182240970353131,-0.010299846048668841,0.010299846048668841
-0.0018839487565938118,0.009186450091882875,-0.011070398848476687,0.011070398848476687
-0.011060777651944131,0.009547398767564266,-0.0206081764195084,0.0206081764195084
0.005496812612131086,0.008313783549732947,-0.002816970937601861,0.002816970937601861
0.009642762233780022,0.007300096659208246,0.0023426655745717763,0.0023426655745717763
0.02613273171648811,0.006260965461790596,0.019871766254697516,0.019871766254697516
-0.007328691828508593,0.005147212188169747,-0.01247590401667834,0.01247590401667834
-0.013547434477667042,0.006029688512141013,-0.019577122989808054,0.019577122989808054
-0.023911985929723434,0.006873537980987291,-0.030785523910710724,0.030785523910710724
-0.007437509584419577,0.00494863260250999,-0.012386142186929568,0.012386142186929568
0.0013132483584394894,0.005203688506543816,-0.0038904401481043268,0.0038904401481043268
-0.011109396698040452,0.006878654069093928,-0.017988050767134382,0.017988050767134382
0.004953970978311739,0.006926323066864185,-0.001972352088552446,0.001972352088552446
0.005240072972868104,0.00648015294815386,-0.0012400799752857565,0.0012400799752857565
-0.022202486678507993,0.00376035771008305,-0.025962844388591044,0.025962844388591044
-0.011728468190972619,0.006359723569377601,-0.01808819176035022,0.01808819176035022
-0.009190441940381988,0.005819753570705359,-0.015010195511087347,0.015010195511087347
-0.0041942248749798905,0.006976816461116507,-0.011171041336096397,0.011171041336096397
-0.005953345213024486,0.005054695943563789,-0.011008041156588275,0.011008041156588275
0.0037889590547972585,0.004556460713833618,-0.0007675016590363596,0.0007675016590363596
0.0023540871824012655,0.004087131682541667,-0.0017330445001404017,0.0017330445001404017
0.0037657920310980586,0.003757664785717655,8.12724538040363e-06,8.12724538040363e-06
-0.00201702367985801,0.004284311969775659,-0.006301335649633669,0.006301335649633669
-0.0004042200573992627,0.0056939721460130144,-0.006098192203412277,0.006098192203412277
0.0015770957175784694,0.006323333378680553,-0.004746237661102083,0.004746237661102083
0.005733204134366954,0.005590565027892168,0.00014263910647478555,0.00014263910647478555
-0.0072661581694098976,0.007265182396119217,-0.014531340565529113,0.014531340565529113
0.0005256985725261565,0.009379740314976565,-0.008854041742450408,0.008854041742450408
-0.0021825236440061735,0.008203419177601428,-0.010385942821607602,0.010385942821607602
0.008911211924821805,0.008574418556933392,0.0003367933678884126,0.0003367933678884126
0.005379797655371776,0.00461394934160532,0.0007658483137664559,0.0007658483137664559
0.018488938583180348,0.006437580748673205,0.012051357834507143,0.012051357834507143
0.010546951578122021,0.006797691902149893,0.0037492596759721285,0.0037492596759721285
0.0030263055792658644,0.006821193358455242,-0.0037948877791893773,0.0037948877791893773
0.0031719015936870765,0.0063757002525232885,-0.003203798658836212,0.003203798658836212
0.0038173825865659428,0.007371553236261886,-0.0035541706496959435,0.0035541706496959435
0.0014596857834288102,0.007578101240993133,-0.006118415457564323,0.006118415457564323
0.0,0.009188474926682481,-0.009188474926682481,0.009188474926682481
0.005791876030838861,0.00850846241458897,-0.00271658638375011,0.00271658638375011
-0.0072458241171535764,0.0069946185017702115,-0.014240442618923788,0.014240442618923788
0.011639520590043029,0.008760353958145095,0.002879166631897934,0.002879166631897934
0.002202392253654928,0.009988807657433558,-0.00778641540377863,0.00778641540377863
-0.01398097980525137,0.00571724785398314,-0.01969822765923451,0.01969822765923451
0.006071318782662205,0.009176309336648033,-0.003104990553985828,0.003104990553985828
0.004545107325643505,0.008383302347142017,-0.003838195021498512,0.003838195021498512
0.007870423177825936,0.008686800984273272,-0.0008163778064473361,0.0008163778064473361
-0.004111966198883321,0.007418664321223877,-0.011530630520107197,0.011530630520107197
-0.0012879275730141027,0.009281149931881616,-0.010569077504895719,0.010569077504895719
0.002010240849611211,0.009232426256100119,-0.0072221854064889075,0.0072221854064889075
0.002271178741767077,0.00904658921603891,-0.006775410474271833,0.006775410474271833
0.004192159528665362,0.009139816288311706,-0.004947656759646344,0.004947656759646344
0.013915528978148961,0.008236668235783146,0.0056788607423658155,0.0056788607423658155
0.0026707222077970716,0.005932841705890395,-0.0032621194980933235,0.0032621194980933235
-0.009914542562243334,0.005400232021456911,-0.015314774583700244,0.015314774583700244
0.002540821283114836,0.008219803397115899,-0.005678982114001063,0.005678982114001063
0.003130707018001555,0.007154312195048853,-0.004023605177047298,0.004023605177047298
-0.005275868474828194,0.0060406314971718665,-0.011316499972000061,0.011316499972000061
-3.735106263769161e-05,0.007040385378682738,-0.007077736441320429,0.007077736441320429
0.0029134917077544564,0.00948096418667113,-0.006567472478916673,0.006567472478916673
-0.003575418994413382,0.00858290331876178,-0.012158322313175162,0.012158322313175162
-0.002280032892277739,0.008328352149674055,-0.010608385041951794,0.010608385041951794
-0.009515603341700096,0.00816231384020215,-0.017677917181902245,0.017677917181902245
0.004727864140096072,0.006351628663085961,-0.001623764522989889,0.001623764522989889
0.009110073784068584,0.0051161229015928185,0.003993950882475766,0.003993950882475766
0.0018652540476011836,0.004273648833809825,-0.002408394786208641,0.002408394786208641
-0.006181114089961248,0.005722957393069565,-0.011904071483030812,0.011904071483030812
0.006594230048707406,0.008575064844769758,-0.001980834796062352,0.001980834796062352
0.0012283183205539228,0.006602704496451971,-0.005374386175898048,0.005374386175898048
3.7176103200753374e-05,0.007295229159692176,-0.007258053056491422,0.007258053056491422
0.0006319702602231025,0.007904316050214183,-0.007272345789991081,0.007272345789991081
0.009770776832485062,0.00513971131891449,0.004631065513570572,0.004631065513570572
-0.0027593818984547047,0.006385864357424626,-0.00914524625587933,0.00914524625587933
0.0009223390518353636,0.0034679436142612654,-0.0025456045624259018,0.0025456045624259018
0.006229266494655272,0.004087092248550598,0.002142174246104674,0.002142174246104674
0.0003663137843876729,0.004987199682558036,-0.004620885898170363,0.004620885898170363
0.011717748727525734,0.006552357919220019,0.0051653908083057155,0.0051653908083057155
-0.005646241268232655,0.00401613651826945,-0.009662377786502105,0.009662377786502105
-0.001055581843992237,0.0054043129184521786,-0.006459894762444416,0.006459894762444416
0.003461594519749367,0.006979346944314853,-0.003517752424565486,0.003517752424565486
-0.013036057954174063,0.008455464114989639,-0.0214915220691637,0.0214915220691637
-0.012030905077262677,0.008163047570288245,-0.020193952647550924,0.020193952647550924
0.001861989349420945,0.00872856769992016,-0.006866578350499215,0.006866578350499215
0.0017841876370665588,0.006366774891255339,-0.00458258725418878,0.00458258725418878
-0.0008534006159326424,0.006522634125581838,-0.00737603474151448,0.00737603474151448
-0.002822341057635125,0.006345044892948676,-0.009167385950583801,0.009167385950583801
-0.003910323253388914,0.005475893262233367,-0.00938621651562228,0.00938621651562228
-0.009870265824204583,0.0066529011206528585,-0.01652316694485744,0.01652316694485744
0.004153607974927365,0.007609775796341186,-0.003456167821413821,0.003456167821413821
0.018914752002406665,0.006929540981773005,0.01198521102063366,0.01198521102063366
-0.0022143489813994943,0.005423176152605275,-0.007637525134004769,0.007637525134004769
-0.0034028702470779715,0.007054784297191755,-0.010457654544269727,0.010457654544269727
-0.013732185273159114,0.007514237834428588,-0.021246423107587703,0.021246423107587703
0.007639045683750956,0.008009855281239635,-0.0003708095974886798,0.0003708095974886798
-0.010755499122381162,0.006953168910045279,-0.01770866803242644,0.01770866803242644
0.011853977122579185,0.008484745663682293,0.0033692314588968913,0.0033692314588968913
-0.0031339775398275815,0.006068461414509333,-0.009202438954336915,0.009202438954336915
-0.000636251356712414,0.006688955816903454,-0.007325207173615868,0.007325207173615868
-0.006329113924050667,0.012200641559527919,-0.018529755483578585,0.018529755483578585
0.004183469641578341,0.013311114839877276,-0.009127645198298935,0.009127645198298935
-0.007131061402191885,0.012744746703157355,-0.019875808105349238,0.019875808105349238
0.006123837604899096,0.01328222307581594,-0.0071583854709168435,0.0071583854709168435
0.003268710550045073,0.012029195496425324,-0.008760484946380251,0.008760484946380251
-0.009399692918398705,0.011153509309073271,-0.02055320222747198,0.02055320222747198
0.008694994707394432,0.013231869806004557,-0.0045368750986101245,0.0045368750986101245
0.005509332134022937,0.012476926250527556,-0.006967594116504619,0.006967594116504619
0.004174587200417523,0.012041656422039422,-0.007867069221621899,0.007867069221621899
-0.014587431795404782,0.01291364471916825,-0.02750107651457303,0.02750107651457303
-0.0014313695946963634,0.0073996596916748114,-0.008831029286371174,0.008831029286371174
-0.016937004903809894,0.005909666097999771,-0.022846671001809662,0.022846671001809662
0.006830129311998778,0.008629940504388227,-0.0017998111923894482,0.0017998111923894482
0.01238614276458705,0.007745125223349136,0.004641017541237913,0.004641017541237913
0.00907242885107662,0.006205823083220231,0.002866605767856388,0.002866605767856388
-0.011714232419324788,0.006387920823118743,-0.018102153242443533,0.018102153242443533
-0.005322562379676099,0.006409024426916863,-0.011731586806592961,0.011731586806592961
-0.005388994307400363,0.006738287706678451,-0.012127282014078814,0.012127282014078814
-0.0004960317460317443,0.0078018141791225,-0.008297845925154243,0.008297845925154243
-0.008589425462874556,0.008264788701263156,-0.01685421416413771,0.01685421416413771
-0.01220639199075857,0.008886558238644648,-0.021092950229403218,0.021092950229403218
-0.0007016723190270691,0.008923181346546056,-0.009624853665573125,0.009624853665573125
0.006319485078993603,0.006908285151247704,-0.0005888000722541007,0.0005888000722541007
0.004845524673411594,0.006646054300195824,-0.00180052962678423,0.00180052962678423
-0.0005015045135405849,0.001270114600157154,-0.0017716191136977388,0.0017716191136977388
-0.008452661237407844,0.0070838016268608426,-0.015536462864268685,0.015536462864268685
0.0010120669521214154,0.006725687342944685,-0.0057136203908232696,0.0057136203908232696
0.009488256338466394,0.005013871023748595,0.0044743853147177996,0.0044743853147177996
0.003929121725731788,0.0053471306743175465,-0.0014180089485857587,0.0014180089485857587
-0.00015348016268901254,0.005620905961899575,-0.005774386124588587,0.005774386124588587
0.01592601120577175,0.005485035427567824,0.010440975778203927,0.010440975778203927
0.002493106183658833,0.00443042880304389,-0.0019373226193850571,0.0019373226193850571
-0.003240513960586333,0.005552396598080461,-0.008792910558666794,0.008792910558666794
0.0033266548217594227,0.007284315452686282,-0.003957660630926859,0.003957660630926859
-0.00229833088429221,0.006118708765857747,-0.008417039650149956,0.008417039650149956
-0.010347432024169212,0.005715457387564511,-0.016062889411733724,0.016062889411733724
0.001259253606044508,0.008292539340997057,-0.007033285734952549,0.007033285734952549
-0.0036967872251228995,0.006690364478530624,-0.010387151703653523,0.010387151703653523
-0.00248642031979196,0.008793554367673454,-0.011279974687465414,0.011279974687465414
0.0038731449169766563,0.00858249622007367,-0.004709351303097013,0.004709351303097013
0.005386202154480824,0.007211602268389064,-0.00182540011390824,0.00182540011390824
-7.599072913100358e-05,0.0023261326918727586,-0.002402123421003762,0.002402123421003762
-0.0008739597978493219,0.00633400569881763,-0.007207965496666952,0.007207965496666952
-0.0042975583783372295,0.006752981752595567,-0.011050540130932797,0.011050540130932797
0.002291738283487943,0.007128185498736612,-0.004836447215248669,0.004836447215248669
0.019092260203498412,0.004900182049519464,0.014192078153978948,0.014192078153978948
-0.0017949293246578568,0.004012076919045177,-0.005807006243703033,0.005807006243703033
-0.002210234509627651,0.006306735305222953,-0.008516969814850603,0.008516969814850603
0.006833114323258949,0.006540414020743962,0.0002927003025149869,0.0002927003025149869
0.007420665995450548,0.006255801565750969,0.0011648644296995796,0.0011648644296995796
0.0038125555226531382,0.005331590215281739,-0.001519034692628601,0.001519034692628601
-0.0055680519193185285,0.00869521066672088,-0.014263262586039408,0.014263262586039408
0.026512904182734998,0.008254892343015316,0.01825801183971968,0.01825801183971968
0.0047321460824332195,-0.0010317280859360423,0.005763874168369262,0.005763874168369262
-0.0045660458761774825,0.0011751565284541766,-0.005741202404631659,0.005741202404631659
0.013869324953949436,0.0034435114059196826,0.010425813548029753,0.010425813548029753
-0.00569983256741835,0.000722508050252475,-0.006422340617670825,0.006422340617670825
-0.015800222134642272,0.004692385135973334,-0.020492607270615606,0.020492607270615606
0.01183108846013825,0.0038765051504347646,0.007954583309703486,0.007954583309703486
0.00500089944234583,0.0036399031993247597,0.00136099624302107,0.00136099624302107
-0.0016825374096083312,0.0036336816152194775,-0.005316219024827809,0.005316219024827809
-0.00010757700720764873,-0.0006206621176227345,0.0005130851104150858,0.0005130851104150858
0.006132549132118692,0.005471397953118327,0.0006611511790003653,0.0006611511790003653
-0.0022455890215647978,0.007485518081746224,-0.009731107103311022,0.009731107103311022
0.0037867962274935607,0.006858335064443389,-0.0030715388369498284,0.0030715388369498284
-0.013524094241583073,0.0033994692860242026,-0.016923563527607276,0.016923563527607276
-0.003283065156216125,0.005620155477058158,-0.008903220633274284,0.008903220633274284
0.001665037825315796,0.00020027658546284077,0.0014647612398529552,0.0014647612398529552
-0.006504535106421461,0.0038064125196372667,-0.010310947626058727,0.010310947626058727
-0.010293529261994006,0.01835531755925348,-0.028648846821247485,0.028648846821247485
-0.005108416023520745,0.003897568085487896,-0.00900598410900864,0.00900598410900864
-0.0014406560526024625,0.002107343635033694,-0.0035479996876361564,0.0035479996876361564
-0.008360461675051778,0.0016177934148156636,-0.009978255089867442,0.009978255089867442
7.46101619040207e-05,0.0015893935974423334,-0.0015147834355383127,0.0015147834355383127
0.013093106535362553,0.0016259324925631112,0.011467174042799441,0.011467174042799441
0.008321366766081306,0.002994242009583197,0.00532712475649811,0.00532712475649811
-0.019645791491692544,0.003867082548613482,-0.023512874040306025,0.023512874040306025
-0.005475472119789937,0.0015023113465536609,-0.006977783466343598,0.006977783466343598
-0.004269662921348338,0.002114012169834758,-0.006383675091183096,0.006383675091183096
0.00030091025351697276,0.0028023734322107996,-0.002501463178693827,0.002501463178693827
0.011807174550650501,0.004663784876441654,0.007143389674208847,0.007143389674208847
-0.011520737327188946,0.0048500443695123465,-0.01637078169670129,0.01637078169670129
0.011128656289946637,0.005439639056339117,0.00568901723360752,0.00568901723360752
-0.017141369822265218,0.004044547965637031,-0.02118591778790225,0.02118591778790225
0.0013241024476979835,0.004453812820805145,-0.0031297103731071614,0.0031297103731071614
-0.0003778147196614734,0.0036374455856833356,-0.004015260305344809,0.004015260305344809
0.015156096454758572,0.0038927134729599623,0.01126338298179861,0.01126338298179861
-0.007446293607356935,0.002058889195046202,-0.009505182802403138,0.009505182802403138
0.005364042162121718,0.006975179442098736,-0.0016111372799770176,0.0016111372799770176
0.009029176927094928,0.006183772748337633,0.0028454041787572956,0.0028454041787572956
0.0047700044372134265,0.007486190951799025,-0.0027161865145855987,0.0027161865145855987
-0.00312810510433148,0.00535719630736149,-0.00848530141169297,0.00848530141169297
0.0019935026580035764,0.005432689726040762,-0.003439187068037186,0.003439187068037186
-0.003242207648662565,0.0054675153331226346,-0.0087097229817852,0.0087097229817852
-0.001145856435277648,0.005237218161094827,-0.006383074596372475,0.006383074596372475
-0.029419383488139772,0.005298867109779965,-0.034718250597919734,0.034718250597919734
0.001944486807991419,0.005093046437581005,-0.0031485596295895858,0.0031485596295895858
0.007953118459606445,-0.000601285929312082,0.008554404388918527,0.008554404388918527
0.000302023557837483,-2.386367229561759e-05,0.00032588723013310064,0.00032588723013310064
-0.010265700483091833,0.0019144135413072417,-0.012180114024399075,0.012180114024399075
0.012278828553996313,0.0037157737349317876,0.008563054819064525,0.008563054819064525
-0.026105627966548584,0.002166464303280029,-0.028272092269828613,0.028272092269828613
0.01485320852512273,0.00404414354458126,0.01080906498054147,0.01080906498054147
0.006098258185005978,0.0011730161206973987,0.004925242064308579,0.004925242064308579
-0.002235102473765904,0.0033483481489790423,-0.005583450622744946,0.005583450622744946
0.005125673931202002,0.005545875008867029,-0.00042020107766502744,0.00042020107766502744
-0.0031352698976315763,0.00395604823544638,-0.007091318133077956,0.007091318133077956
0.002614626752557747,0.004268514872821943,-0.0016538881202641962,0.0016538881202641962
0.009486375146452897,0.004237596432023539,0.005248778714429358,0.005248778714429358
-0.0046050168476226006,0.0059074386072961605,-0.010512455454918761,0.010512455454918761
-0.010080114341595503,0.00559960821468057,-0.015679722556276074,0.015679722556276074
0.003495573540028163,0.0063406275564562575,-0.0028450540164280946,0.0028450540164280946
0.0017795615463254144,0.0016739755244512711,0.0001055860218741433,0.0001055860218741433
-0.02384911935898404,0.008606456988598906,-0.03245557634758295,0.03245557634758295
-0.0012777326054129734,0.005208219756731295,-0.006485952362144268,0.006485952362144268
-3.876870590058257e-05,0.004124652165880807,-0.004163420871781389,0.004163420871781389
-0.0028689954638855264,0.00311726229834696,-0.005986257762232486,0.005986257762232486
0.008048524437186622,0.0026593933400784007,0.005389131097108221,0.005389131097108221
-0.017704235130756807,0.0011575228573196194,-0.018861757988076426,0.018861757988076426
-0.004672713707935761,0.0024928007396449047,-0.007165514447580665,0.007165514447580665
0.018226290042606896,0.0010440593394714858,0.01718223070313541,0.01718223070313541
0.0022471910112360494,0.0013354311356679539,0.0009117598755680955,0.0009117598755680955
0.0021648368640792004,0.0016032482850897223,0.0005615885789894781,0.0005615885789894781
0.0174355809288691,0.004428968169408264,0.013006612759460835,0.013006612759460835
0.018501668183196873,0.0029780921419471106,0.015523576041249763,0.015523576041249763
0.0016751042287075357,0.0012719721692826024,0.00040313205942493335,0.00040313205942493335
0.0036790664833326048,0.0027096444799528953,0.0009694220033797094,0.0009694220033797094
-0.0016661729857819774,0.0015016026169390672,-0.0031677756027210444,0.0031677756027210444
-0.0008530208062901279,0.002693514648773656,-0.003546535455063784,0.003546535455063784
0.014587973273942012,0.002926027063566008,0.011661946210376004,0.011661946210376004
0.0022317345333480176,0.0021310650474560557,0.00010066948589196193,0.00010066948589196193
-0.003358399649558308,0.002543273761779382,-0.00590167341133769,0.00590167341133769
-0.005530730349424973,0.0034262668771544115,-0.008956997226579385,0.008956997226579385
0.006519096902508181,0.006359627301052262,0.00015946960145591955,0.00015946960145591955
-0.007318501170960223,0.00600595502209715,-0.013324456193057374,0.013324456193057374
-0.010063403125921577,0.006137474124903162,-0.01620087725082474,0.01620087725082474
0.0,0.006366948583264788,-0.006366948583264788,0.006366948583264788
-0.0002978961087320986,0.005536765845025779,-0.005834661953757878,0.005834661953757878
-0.00797109546690511,0.00416251370383997,-0.01213360917074508,0.01213360917074508
0.0015018961438817424,0.010656446890894938,-0.009154550747013195,0.009154550747013195
-0.0013496794511304033,0.008412706621447746,-0.00976238607257815,0.00976238607257815
-0.007996395990539473,0.005489290543962063,-0.013485686534501537,0.013485686534501537
0.0005676657584015032,0.0010076341809418543,-0.000439968422540351,0.000439968422540351
0.013275842505389823,0.005042698289362261,0.008233144216027562,0.008233144216027562
0.0005599104143336753,0.004419137874459172,-0.0038592274601254965,0.0038592274601254965
0.0005222906174220387,0.005632222273341559,-0.00510993165591952,0.00510993165591952
-0.004698161750997465,0.004223674645438397,-0.008921836396435862,0.008921836396435862
3.746300528217894e-05,0.0013657063870898079,-0.001328243381807629,0.001328243381807629
0.00842886041807156,0.006055854072911336,0.0023730063451602237,0.0023730063451602237
-0.013633493071808056,0.005060110399552428,-0.018693603471360485,0.018693603471360485
0.004896053028020431,0.005438061672291414,-0.000542008644270983,0.000542008644270983
-0.00288584064163111,0.005466039218987743,-0.008351879860618854,0.008351879860618854
-0.004059387333208098,0.006252771831689878,-0.010312159164897975,0.010312159164897975
0.006113899686756907,0.006401886750759997,-0.00028798706400308925,0.00028798706400308925
0.009302674518924192,0.005778302647655153,0.003524371871269039,0.003524371871269039
0.0017467573493885613,0.0043284259207528215,-0.0025816685713642602,0.0025816685713642602
0.0019292127328041087,0.005785551176750594,-0.0038563384439464854,0.0038563384439464854
-0.003925053691772207,0.0047612125948903895,-0.008686266286662596,0.008686266286662596
0.00033457249070623085,0.0007665460900941078,-0.000431973599387877,0.000431973599387877
0.003233119030807474,0.006937942137339556,-0.003704823106532082,0.003704823106532082
0.007334419914061252,0.006334726050685291,0.0009996938633759613,0.0009996938633759613
0.0028682797675958493,0.004923040349897863,-0.002054760582302014,0.002054760582302014
-0.0023833968905837555,0.005692331034559037,-0.008075727925142794,0.008075727925142794
0.0006615944426067166,0.0049016128659625765,-0.00424001842335586,0.00424001842335586
0.0020936639118456224,0.004031870230145048,-0.0019382063182994255,0.0019382063182994255
0.0026757569093174283,0.004988903951577015,-0.002313147042259587,0.002313147042259587
-0.000548345823432661,0.005208793974686084,-0.005757139798118745,0.005757139798118745
0.012399414776883777,0.005883495350755321,0.006515919426128456,0.006515919426128456
0.004154774377687076,0.004394501974228268,-0.0002397275965411918,0.0002397275965411918
0.0032381089443764832,0.0003727793097386278,0.0028653296346378555,0.0028653296346378555
-0.010220915220197968,-0.00537254227624068,-0.004848372943957288,0.004848372943957288
0.004384216819449893,-0.003032801959742686,0.007417018779192579,0.007417018779192579
-0.0031746031746031633,-0.0033130086910637567,0.00013840551646059334,0.00013840551646059334
7.237984944996612e-05,-0.003549000427102185,0.003621380276552151,0.003621380276552151
-0.0012665556922631938,-0.0032796036179524035,0.0020130479256892098,0.0020130479256892098
0.017391934490380123,0.0016433151695053505,0.015748619320874773,0.015748619320874773
0.0016026211759678777,-0.006007436870673033,0.007610058046640911,0.007610058046640911
0.0015289432513156953,-0.006156705498853359,0.007685648750169054,0.007685648750169054
0.011431817374942366,-0.005143598809291715,0.016575416184234082,0.016575416184234082
0.002737898838148123,-0.004617894557681655,0.007355793395829778,0.007355793395829778
0.0025904015122344415,-0.004227305983950623,0.0068177074961850645,0.0068177074961850645
-0.003037603435634195,-0.0040815581102349365,0.0010439546746007413,0.0010439546746007413
-0.0015409399733837814,-0.00510364655513656,0.0035627065817527784,0.0035627065817527784
0.00017537706068049275,-0.010653922319021972,0.010829299379702464,0.010829299379702464
0.006312467122567167,-0.00202903908403689,0.008341506206604057,0.008341506206604057
-0.00473950165534065,-0.008186030643325867,0.003446528987985217,0.003446528987985217
-0.0058475436815014215,0.002472477560438927,-0.008320021241940348,0.008320021241940348
-0.01549732318963093,0.002406122060842023,-0.017903445250472952,0.017903445250472952
0.003040927303949559,0.003922948461697732,-0.0008820211577481732,0.0008820211577481732
-0.008881121375325485,0.0027601918105113455,-0.01164131318583683,0.01164131318583683
0.005326040017273659,0.005273810575569943,5.222944170371613e-05,5.222944170371613e-05
-0.002899484536082464,0.003267525028358892,-0.006167009564441356,0.006167009564441356
0.0019386106623586752,0.0028406843759976076,-0.0009020737136389324,0.0009020737136389324
0.001827367515855105,0.003141739513421846,-0.001314371997566741,0.001314371997566741
0.0004649499284692382,-0.0015802606399799046,0.002045210568449143,0.002045210568449143
-0.011511099989275353,0.005173516561977306,-0.01668461655125266,0.01668461655125266
0.009547575132906605,0.004915208316070697,0.004632366816835908,0.004632366816835908
0.000859752821063875,0.003472022477155848,-0.0026122696560919732,0.0026122696560919732
0.00647839937005612,0.006872873210183524,-0.00039447384012740363,0.00039447384012740363
-0.003200568990042729,0.002955569757774985,-0.006156138747817714,0.006156138747817714
-7.135212272568747e-05,-0.0009104953124036908,0.0008391431896780033,0.0008391431896780033
0.007456828885400224,0.002885260532621802,0.004571568352778423,0.004571568352778423
-0.016644827708325982,0.00593637990681031,-0.02258120761513629,0.02258120761513629
-0.0005402096013252811,0.006036604604803531,-0.006576814206128812,0.006576814206128812
0.0038916114153935144,0.005967752634859561,-0.002076141219466047,0.002076141219466047
0.019849246231155693,0.004769530973400062,0.01507971525775563,0.01507971525775563
0.0,-0.002704830864658224,0.002704830864658224,0.002704830864658224
0.0009854644000986124,-0.0019009578358111167,0.002886422235909729,0.002886422235909729
0.004359902956998729,0.004272861100541675,8.704185645705409e-05,8.704185645705409e-05
-0.03143707334150181,0.012600491413682682,-0.04403756475518449,0.04403756475518449
-0.0026385224274406704,0.0039080644141663845,-0.006546586841607055,0.006546586841607055
-0.0010871928680148413,0.004026924997556747,-0.005114117865571588,0.005114117865571588
0.012661442461181283,0.003154993665704031,0.00950644879547725,0.00950644879547725
-0.0039766417081646965,0.0010098198992684782,-0.004986461607433174,0.004986461607433174
-0.0005035608948996684,0.003028367764025961,-0.0035319286589256295,0.0035319286589256295
0.006729523535339066,0.0022126032267334194,0.004516920308605647,0.004516920308605647
0.003610366398570042,0.0020662258123215938,0.001544140586248448,0.001544140586248448
-0.00046302892149874264,0.002553901421134381,-0.003016930342633124,0.003016930342633124
0.002244948865053553,0.0044791877768643054,-0.0022342389118107523,0.0022342389118107523
0.0033776576832824645,0.00487280297574831,-0.0014951452924658456,0.0014951452924658456
-0.0019134686935260437,0.002985213045876399,-0.004898681739402442,0.004898681739402442
-0.0019881421521639187,0.0050949089435368775,-0.007083051095700796,0.007083051095700796
0.0015296503148234386,0.0037814815692637895,-0.002251831254440351,0.002251831254440351
0.00021311358954312354,0.005315350060728188,-0.0051022364711850645,0.0051022364711850645
-0.02865767045454548,0.005640582698733656,-0.03429825315327914,0.03429825315327914
0.0023763389756150666,0.004848690239367529,-0.002472351263752463,0.002472351263752463
-0.0008388649792107072,0.0074502460842579485,-0.008289111063468656,0.008289111063468656
-0.005840481839751832,0.0068049542252604225,-0.012645436065012255,0.012645436065012255
-0.008114558472553712,0.006759799587050177,-0.014874358059603889,0.014874358059603889
-0.010290960242837044,0.009306042265442366,-0.01959700250827941,0.01959700250827941
-0.0008976660682226134,0.007870997484842091,-0.008768663553064705,0.008768663553064705
-0.006251871817909538,0.006345040430279554,-0.012596912248189093,0.012596912248189093
-0.005462422301751757,0.007252154263092631,-0.012714576564844388,0.012714576564844388
0.0140530303030304,0.007413958150655143,0.006639072152375258,0.006639072152375258
-0.002353292742146351,0.0005852932480755135,-0.0029385859902218646,0.0029385859902218646
0.0008986071589036637,0.0009692406067459914,-7.063344784232763e-05,7.063344784232763e-05
-0.003965285051623524,0.0013840549180688766,-0.005349339969692401,0.005349339969692401
0.019717569293172144,0.0036944127445359353,0.01602315654863621,0.01602315654863621
-0.006150786343044445,0.0025174042448122534,-0.008668190587856698,0.008668190587856698
0.00011117699377405366,0.005836852073790918,-0.005725675080016864,0.005725675080016864
0.0037054878274724867,0.003272607856456269,0.0004328799710162177,0.0004328799710162177
0.01842212131280685,0.004026703250978326,0.014395418061828523,0.014395418061828523
-0.0021025157688682183,0.0022835393051704555,-0.004386055074038674,0.004386055074038674
-0.005158384190642296,0.004007218134305122,-0.009165602324947418,0.009165602324947418
0.0041992258818375205,0.007806625194761948,-0.0036073993129244275,0.0036073993129244275
0.03356241591214859,0.0018624539743991786,0.03169996193774941,0.03169996193774941
-0.003095975232198178,-0.0036291914344592003,0.0005332162022610222,0.0005332162022610222
-0.000494071146245112,0.0023155045523797933,-0.0028095756986249052,0.0028095756986249052
0.010663088764917728,0.0019224271612506372,0.00874066160366709,0.00874066160366709
0.01002655114589146,0.00028273305339322817,0.009743818092498233,0.009743818092498233
-0.008232160769257368,-0.0014498767136527624,-0.0067822840556046055,0.0067822840556046055
0.006521814947860305,0.0017372234338638593,0.004784591513996446,0.004784591513996446
-0.004123354123354073,0.001650661248730436,-0.005774015372084509,0.005774015372084509
-0.00024355450401869483,0.0014812120172219235,-0.0017247665212406183,0.0017247665212406183
0.0004524256977795904,0.0010420109588025694,-0.000589585261022979,0.000589585261022979
0.012592618360176777,0.0021782218191817937,0.010414396540994984,0.010414396540994984
0.02947541997320413,-0.0003513747905504505,0.02982679476375458,0.02982679476375458
0.00717455868121597,-0.014065216226703163,0.02123977490791913,0.02123977490791913
0.006560201444569591,-0.012982647995019104,0.019542849439588693,0.019542849439588693
0.0208689927583936,-0.012732280179851991,0.033601272938245594,0.033601272938245594
-0.04194879731734058,-0.011654993577449937,-0.030293803739890643,0.030293803739890643
0.0037357385656109354,-0.0048723981317709145,0.008608136697381849,0.008608136697381849
-0.004325375536480713,-0.007887174381466095,0.0035617988449853817,0.0035617988449853817
0.0015490823370938323,-0.009129744233434123,0.010678826570527955,0.010678826570527955
0.00036985978951609155,-0.007748624975816508,0.0081184847653326,0.0081184847653326
-0.01105808012906695,-0.0019374029406827554,-0.009120677188384194,0.009120677188384194
0.004248377119940194,-0.0024116601757885794,0.006660037295728774,0.006660037295728774
-0.007073236767293878,-0.00797571120986638,0.0009024744425725015,0.0009024744425725015
-0.0015678789324790054,-0.010526582281089608,0.008958703348610602,0.008958703348610602
-0.00010241354589834994,-0.007314537803465233,0.007212124257566883,0.007212124257566883
0.0017753499487880298,-0.006620315998598681,0.00839566594738671,0.00839566594738671
0.00027264671801519036,-0.0020115015324026295,0.00228414825041782,0.00228414825041782
-0.009028960817717202,-0.008342286337839564,-0.0006866744798776376,0.0006866744798776376
0.0003094378545642762,-0.0067789392093405,0.007088377063904776,0.007088377063904776
-0.013198597648999777,-0.00563308366141746,-0.0075655139875823165,0.0075655139875823165
0.0015325670498085309,0.0011225946701167266,0.00040997237969180424,0.00040997237969180424
-0.00625999860888915,-0.006553542438913059,0.00029354383002390926,0.00029354383002390926
-0.0008749212570868803,-0.0008321648230937818,-4.2756433993098534e-05,4.2756433993098534e-05
-0.0010508248975446,-0.002843586754268813,0.0017927618567242132,0.0017927618567242132
-0.002068796241102455,0.0012149501582821775,-0.0032837463993846327,0.0032837463993846327
-0.0019676739283204236,0.0017654871984151145,-0.0037331611267355383,0.0037331611267355383
-0.010139416983523497,0.0013549741761881662,-0.011494391159711664,0.011494391159711664
0.012590695689287168,0.0016398223540076285,0.01095087333527954,0.01095087333527954
-0.0012644889357218414,0.0009016178312319845,-0.002166106766953826,0.002166106766953826
0.0030597172399240424,0.004408650732022209,-0.001348933492098167,0.001348933492098167
0.002594579432698696,0.0029905971059302604,-0.0003960176732315645,0.0003960176732315645
0.013149151949641613,-0.0017023672336461903,0.014851519183287804,0.014851519183287804
0.00728314521417972,0.005278802376652094,0.0020043428375276263,0.0020043428375276263
0.02289082311013635,-0.0029193031650954194,0.025810126275231767,0.025810126275231767
0.002479061976549346,-0.0076966525005295406,0.010175714477078886,0.010175714477078886
0.00818740810052132,-0.006008989870211541,0.014196397970732862,0.014196397970732862
0.00729225363784014,-0.007495057914054161,0.014787311551894302,0.014787311551894302
0.005528316167034086,-0.010554996977208424,0.01608331314424251,0.01608331314424251
0.005301567562260745,-0.009729986496972124,0.01503155405923287,0.01503155405923287
-0.0007161691461310404,-0.005476328169427293,0.004760159023296253,0.004760159023296253
-0.002280353128970236,-0.008642119342092592,0.006361766213122356,0.006361766213122356
-0.006726091357299069,-0.00775124757181245,0.0010251562145133812,0.0010251562145133812
-0.003089970743894055,-0.007113404322031823,0.004023433578137768,0.004023433578137768
-0.000659478352623033,-0.00903867635148663,0.008379197998863597,0.008379197998863597
0.003596528854719949,-0.007398181285347659,0.010994710140067608,0.010994710140067608
0.06361783271962129,-0.008381765492209125,0.07199959821183041,0.07199959821183041
-0.03786590831813541,-0.01565168611228205,-0.02221422220585336,0.02221422220585336
0.029717920709374734,-0.004632961062393379,0.034350881771768114,0.034350881771768114
-0.04421078905494369,-0.011897863790274053,-0.03231292526466964,0.03231292526466964
0.006691910948619206,0.003458089152474081,0.0032338217961451255,0.0032338217961451255
-0.0009403677162035384,-0.005578437598375809,0.004638069882172271,0.004638069882172271
0.005258033106134263,0.00019661344691341732,0.005061419659220846,0.005061419659220846
-0.0014529252227818423,-0.0024837057029300745,0.0010307804801482322,0.0010307804801482322
-0.008083551589226246,-0.006718030837292304,-0.0013655207519339416,0.0013655207519339416
-0.0022492421032043186,0.0007534979786579532,-0.0030027400818622716,0.0030027400818622716
0.003397804495556711,0.00028283029187768595,0.003114974203679025,0.003114974203679025
0.0017582703829122082,0.001052364278415433,0.0007059061044967752,0.0007059061044967752
-0.0033153481115517636,0.0015026212822363417,-0.0048179693937881055,0.0048179693937881055
-0.023871641012261913,-0.0006436217768389662,-0.023228019235422948,0.023228019235422948
-0.006882266470666809,0.000702198661695288,-0.007584465132362097,0.007584465132362097
-0.0009419363520151158,0.00016084216297134634,-0.0011027785149864621,0.0011027785149864621
-0.000942824432621725,0.00222217060631405,-0.003164995038935775,0.003164995038935775
-0.006707111560498857,0.0014499189859895,-0.008157030546488357,0.008157030546488357
-0.005462997522988733,0.0011590652958191172,-0.00662206281880785,0.00662206281880785
-0.002695325827362649,0.0012255087912762374,-0.003920834618638886,0.003920834618638886
0.016694605042591792,0.0005715620156755175,0.016123043026916275,0.016123043026916275
-0.006224973922406507,-0.0017246043246832976,-0.004500369597723209,0.004500369597723209
0.008634116611363263,0.0003157637266025648,0.008318352884760698,0.008318352884760698
-0.010305817583671772,-0.0035813715261140853,-0.006724446057557687,0.006724446057557687
0.0005766230242181258,0.0005708131484479695,5.80987577015633e-06,5.80987577015633e-06
0.011390216617512383,0.00010426279652132054,0.011285953820991063,0.011285953820991063
-0.006938159879336325,0.0004056054737332948,-0.00734376535306962,0.00734376535306962
0.009349264209531416,0.0018084058143510383,0.007540858395180377,0.007540858395180377
-0.011068383213509447,-0.005578526298330321,-0.0054898569151791265,0.0054898569151791265
-0.0060864272671941055,-0.0013903236401418273,-0.004696103627052278,0.004696103627052278
-0.0042525685514051,0.0005989777198675505,-0.004851546271272651,0.004851546271272651
0.0031774232122723234,-0.002405283139089327,0.0055827063513616505,0.0055827063513616505
0.001770996526122115,-0.001737602805079921,0.0035085993312020357,0.0035085993312020357
-0.0009859250696947486,-0.0030175251662664525,0.002031600096571704,0.002031600096571704
-0.007384720095286679,-0.004648362367978814,-0.002736357727307865,0.002736357727307865
-0.0006171146461876331,-0.0023981655233773426,0.0017810508771897095,0.0017810508771897095
0.001646655231560823,-0.0038462652772946813,0.005492920508855505,0.005492920508855505
0.003904377012124094,-0.0036750721074385417,0.007579449119562636,0.007579449119562636
-0.004878548034934482,-0.002856532397273972,-0.00202201563766051,0.00202201563766051
-0.0058966711234529345,-0.002612562329916165,-0.0032841087935367697,0.0032841087935367697
-0.002172638548815442,-0.00041386755390439235,-0.0017587709949110496,0.0017587709949110496
0.0008640353908895282,0.0031226474038646822,-0.002258612012975154,0.002258612012975154
0.005525052660658281,0.0034414559891899833,0.0020835966714682973,0.0020835966714682973
0.00549469418592663,-0.0037125104187282886,0.009207204604654918,0.009207204604654918
0.015301069025581482,-0.00393346537795845,0.01923453440353993,0.01923453440353993
0.008342584182729595,-0.0012947636531939666,0.009637347835923562,0.009637347835923562
-0.014445371142618901,-0.009679782687533629,-0.004765588455085273,0.004765588455085273
